id_compteur;nom_compteur;id;name;channel_id;channel_name;installation_date;url_photos_n1;counter;coordinates;photos;test_lien_vers_photos_du_site_de_comptage_;id_photo_1;url_sites;type_dimage
850;Wilson 884-881;850;Wilson 884-881;1;N-S;;;;48.58926114863932, 7.740711606636442;;;;;
346;Wasselonne vers Romains;346;Wasselonne vers Romains;1;N-S;;;;48.581693181436655, 7.694069516667361;;;;;
347;Wasselonne vers Eckbo;347;Wasselonne vers Eckbo;1;N-S;;;;48.58392382886005, 7.689700562011245;;;;;
19;Tour Verte vers Sud;19;Tour Verte vers Sud;1;N-S;;;;48.573202589197365, 7.7239043440161055;;;;;
20;Tour Verte vers Nord;20;Tour Verte vers Nord;1;N-S;;;;48.57328861772161, 7.724126930643086;;;;;
100;Tanneurs;100;Tanneurs;1;N-S;;;;48.58334242922752, 7.744553449799022;;;;;
101;St.Jean;101;St.Jean;1;N-S;;;;48.58405680909074, 7.740232384465446;;;;;
213;Sortie Tunnel vers Allemagne;213;Sortie Tunnel vers Allemagne;1;N-S;;;;48.572821747180434, 7.760061662116159;;;;;
215;Sortie Rte du Rhin vers Pl.Etoile;215;Sortie Rte du Rhin vers Pl.Etoile;1;N-S;;;;48.573292586194796, 7.758063882651355;;;;;
1131;Sortie Lingo vers Entzheim;1131;Sortie Lingo vers Entzheim;1;N-S;;;;48.55277271361231, 7.674210415217861;;;;;
417;Sortie Eglise Rouge vers J. Kablé;417;Sortie Eglise Rouge vers J. Kablé;1;N-S;;;;48.59327880825268, 7.745065726091762;;;;;
707;Sortie Autoroute Rue Montagne-Verte;707;Sortie Autoroute Rue Montagne-Verte;1;N-S;;;;48.57056053130905, 7.733353035158664;;;;;
308;Sortie Autoroute Rue de Saales;308;Sortie Autoroute Rue de Saales;1;N-S;;;;48.5742644686731, 7.731589606122596;;;;;
353;sortie autoroute rue de koenigshoffen;353;sortie autoroute rue de koenigshoffen;1;N-S;;;;48.582032248644616, 7.7236136195789085;;;;;
1105;Sortie Autoroute Elsau;1105;Sortie Autoroute Elsau;1;N-S;;;;48.570844390701424, 7.7290659666567825;;;;;
1203;Sortie A351 vers Herrenschmidt;1203;Sortie A351 vers Herrenschmidt;1;N-S;;;;48.595592527364644, 7.748465532252433;;;;;
812;Sortie A35 vers G.Wodli;812;Sortie A35 vers G.Wodli;1;N-S;;;;48.59018411726688, 7.735325563658904;;;;;
710;Sortie A35 vers Baggersee;710;Sortie A35 vers Baggersee;1;N-S;;;;48.54434215740983, 7.732976816096016;;;;;
328;Sortie A 351;328;Sortie A 351;1;N-S;;;;48.590485894578755, 7.694184651413512;;;;;
645;Schuhansen vers Ganzau;645;Schuhansen vers Ganzau;1;N-S;;;;48.54091469453368, 7.760582605118064;;;;;
9;Schirmeck9 - Entree Ville;9;Schirmeck9 - Entree Ville;1;N-S;;;;48.56889908176086, 7.710746595374253;;;;;
8;Schirmeck8 - Sortie Ville;8;Schirmeck8 - Sortie Ville;1;N-S;;;;48.56772279816756, 7.709487916493799;;;;;
7;Schirmeck7 - Entree Ville;7;Schirmeck7 - Entree Ville;1;N-S;;;;48.56766476508609, 7.709724289758606;;;;;
6;Schirmeck6 - Sortie Ville;6;Schirmeck6 - Sortie Ville;1;N-S;;;;48.566403171636146, 7.708431336032285;;;;;
5;Schirmeck5 - Entree Ville;5;Schirmeck5 - Entree Ville;1;N-S;;;;48.56634599997579, 7.708677311236139;;;;;
4;Schirmeck4 - Sortie Ville;4;Schirmeck4 - Sortie Ville;1;N-S;;;;48.563691421297, 7.704051321096385;;;;;
3;Schirmeck3 - Entree Ville;3;Schirmeck3 - Entree Ville;1;N-S;;;;48.563554549516965, 7.704155113764294;;;;;
2;Schirmeck2 - Sortie Ville;2;Schirmeck2 - Sortie Ville;1;N-S;;;;48.56228546651335, 7.698352551828026;;;;;
18;Schirmeck18 - Sortie Ville;18;Schirmeck18 - Sortie Ville;1;N-S;;;;48.57443872808548, 7.724937737754938;;;;;
17;Schirmeck17 - Entree Ville;17;Schirmeck17 - Entree Ville;1;N-S;;;;48.57429933785307, 7.724939310635944;;;;;
16;Schirmeck16 - Sortie Ville;16;Schirmeck16 - Sortie Ville;1;N-S;;;;48.573692231642966, 7.7208070887365245;;;;;
15;Schirmeck15 - Entree Ville;15;Schirmeck15 - Entree Ville;1;N-S;;;;48.573522274370944, 7.720835260205728;;;;;
14;Schirmeck14 - Sortie Ville;14;Schirmeck14 - Sortie Ville;1;N-S;;;;48.57260385433773, 7.715753253530132;;;;;
13;Schirmeck13 - Entree Ville;13;Schirmeck13 - Entree Ville;1;N-S;;;;48.5724627980003, 7.715874372834068;;;;;
12;Schirmeck12 - Sortie Ville;12;Schirmeck12 - Sortie Ville;1;N-S;;;;48.571248798379884, 7.712636095352599;;;;;
11;Schirmeck11 - Entree Ville;11;Schirmeck11 - Entree Ville;1;N-S;;;;48.571125079601536, 7.712773587245684;;;;;
10;Schirmeck10 - Sortie Ville;10;Schirmeck10 - Sortie Ville;1;N-S;;;;48.56895028452342, 7.7105562678730255;;;;;
1;Schirmeck1 - Entree Ville;1;Schirmeck1 - Entree Ville;1;N-S;;;;48.562140362932574, 7.698540755729809;;;;;
540;Rue Vauban vers Place de Kehl;540;Rue Vauban vers Place de Kehl;1;N-S;;;;48.58054597795391, 7.774158838558717;;;;;
539;Rue Vauban vers Bld de la Victoire;539;Rue Vauban vers Bld de la Victoire;1;N-S;;;;48.580770453137106, 7.7742472324804375;;;;;
413;Rue Ohmacht vers Place de Bordeaux;413;Rue Ohmacht vers Place de Bordeaux;1;vers Place de Bordeaux;;;;48.59184456395855, 7.7633934255873065;;;;;
414;Rue Ohmacht vers Allée de la Robertsau;414;Rue Ohmacht vers Allée de la Robertsau;1;vers Allée de la Robertsau;;;;48.59170951442152, 7.763148816196043;;;;;
1018;Rue Lixenbuhl vers Vincent Scotto;1018;Rue Lixenbuhl vers Vincent Scotto;1;N-S;;;;48.530043162511845, 7.725266500523105;;;;;
1017;Rue Lixenbuhl vers Rue d'Alsace;1017;Rue Lixenbuhl vers Rue d'Alsace;1;N-S;;;;48.52983042589276, 7.725230141942681;;;;;
421;Rue Jacques Kablé vers Place de Haguen;421;Rue Jacques Kablé vers Place de Haguen;1;vers Place de Haguen;;;;48.59331234843331, 7.752446903738552;;;;;
420;Rue Jacques Kablé vers Place de Bordea;420;Rue Jacques Kablé vers Place de Bordea;1;vers Place de Bordea;;;;48.59309275721212, 7.752430273289385;;;;;
516;Rue J.Wenger-Valentin vers Schiltigheim;516;Rue J.Wenger-Valentin vers Schiltigheim;1;N-S;;;;48.59987351504321, 7.759909679222864;;;;;
515;Rue J.W. Valentin (CIAL) vers Pl.A.Zeller;515;Rue J.W. Valentin (CIAL) vers Pl.A.Zeller;1;N-S;;;;48.59964315741184, 7.759857852083976;;;;;
930;Rue G.Burger vers Carrefour de l'Europe;930;Rue G.Burger vers Carrefour de l'Europe;1;N-S;;;;48.61571354373321, 7.723814994517022;;;;;
633;Rue F.Epailly 697-696;633;Rue F.Epailly 697-696;1;N-S;;;;48.57184653258912, 7.794569796040736;;;;;
632;Rue F.Epailly 696-697;632;Rue F.Epailly 696-697;1;N-S;;;;48.57166960076092, 7.794430431360746;;;;;
532;Rue Edmond Labbé vers Rue P.Montet;532;Rue Edmond Labbé vers Rue P.Montet;1;N-S;;;;48.58058667124143, 7.762658837190158;;;;;
531;Rue Edmond Labbé vers Bld de la Victoire;531;Rue Edmond Labbé vers Bld de la Victoire;1;N-S;;;;48.580484755095355, 7.763022625605773;;;;;
242;Rue E.Michelet vers Rte du Rhin;242;Rue E.Michelet vers Rte du Rhin;1;vers Rte du Rhin;;;;48.5735683830779, 7.767035672652102;;;;;
241;Rue E.Michelet vers Quai des Alpes;241;Rue E.Michelet vers Quai des Alpes;1;vers Quai des Alpes;;;;48.573501604737835, 7.767386762259102;;;;;
1147;Rue E.Bugatti vers Vigie;1147;Rue E.Bugatti vers Vigie;1;N-S;;;;48.5462694485007, 7.699092967813033;;;;;
1146;Rue E.Bugatti vers Lingolsheim;1146;Rue E.Bugatti vers Lingolsheim;1;N-S;;;;48.54617003967097, 7.699379883756992;;;;;
931;Rue du Triage;931;Rue du Triage;1;N-S;;;;48.61904372733173, 7.72088498284793;;;;;
611;Rue du Rhin Tortu vers Neuhof;611;Rue du Rhin Tortu vers Neuhof;1;N-S;;;;48.550169241889336, 7.758459065302145;;;;;
610;Rue du Rhin Tortu vers Gal Offenstein;610;Rue du Rhin Tortu vers Gal Offenstein;1;N-S;;;;48.550202639795046, 7.758766591707054;;;;;
329;Rue du Rempart vers Koenigshoffen;329;Rue du Rempart vers Koenigshoffen;1;N-S;;;;48.58250315443695, 7.728420033045799;;;;;
330;Rue du Rempart vers Cronenbourg;330;Rue du Rempart vers Cronenbourg;1;N-S;;;;48.58240462022472, 7.7286893365273475;;;;;
1216;Rue du Marais(De Gaulle) vers Pont Phario;1216;Rue du Marais(De Gaulle) vers Pont Phario;1;N-S;;;;48.614793449516625, 7.7676656505635515;;;;;
1215;Rue du Marais(De Gaulle) vers La Wantzenau;1215;Rue du Marais(De Gaulle) vers La Wantzenau;1;N-S;;;;48.619032677979014, 7.769398833155696;;;;;
1214;Rue du Marais vers Gal de Gaulle;1214;Rue du Marais vers Gal de Gaulle;1;N-S;;;;48.61897871300844, 7.769047094117514;;;;;
1218;Rue du Marais (Phario) vers Zorn;1218;Rue du Marais (Phario) vers Zorn;1;N-S;;;;48.61097484369026, 7.766893309851671;;;;;
1217;Rue du Marais (Phario) vers Gal De Gaulle;1217;Rue du Marais (Phario) vers Gal De Gaulle;1;N-S;;;;48.61483896494838, 7.768025705705984;;;;;
1219;Rue du Marais (Bretagne) vers Pont Phario;1219;Rue du Marais (Bretagne) vers Pont Phario;1;N-S;;;;48.61091395573493, 7.767201878661967;;;;;
1109;Rue du Mal Foch vers Strasbourg;1109;Rue du Mal Foch vers Strasbourg;1;N-S;;;;48.559480757363545, 7.690680076555965;;;;;
1124;Rue du Mal Foch vers Mairie d'Ostwald;1124;Rue du Mal Foch vers Mairie d'Ostwald;1;N-S;;;;48.541081233966935, 7.710597697868508;;;;;
1102;Rue du Mal Foch vers Lingolsheim;1102;Rue du Mal Foch vers Lingolsheim;1;N-S;;;;48.559599718969004, 7.690576701695235;;;;;
1125;Rue du Mal Foch vers Illkirch;1125;Rue du Mal Foch vers Illkirch;1;N-S;;;;48.54106326490239, 7.710345753144462;;;;;
247;Rue du Landsberg vers Rte du Rhin;247;Rue du Landsberg vers Rte du Rhin;1;N-S;;;;48.57116289363929, 7.765074230237282;;;;;
248;Rue du Landsberg vers Av.Jean Jaurès;248;Rue du Landsberg vers Av.Jean Jaurès;1;N-S;;;;48.57124844012277, 7.764859849781527;;;;;
704;Rue du Gal Offenstein vers Pfister;704;Rue du Gal Offenstein vers Pfister;1;N-S;;;;48.55654933665384, 7.751456613766238;;;;;
719;Rue du Gal Offenstein vers Av.Colmar;719;Rue du Gal Offenstein vers Av.Colmar;1;N-S;;;;48.55596209674739, 7.753569368155954;;;;;
1138;Rue du Gal Leclerc vers Strasbourg;1138;Rue du Gal Leclerc vers Strasbourg;1;N-S;;;;48.552956182591075, 7.712911252089549;;;;;
1139;Rue du Gal Leclerc vers Centre Ostwald;1139;Rue du Gal Leclerc vers Centre Ostwald;1;N-S;;;;48.55295909539869, 7.712508390829104;;;;;
902;Rue du Gal de Gaulle vers Strasbourg;902;Rue du Gal de Gaulle vers Strasbourg;1;N-S;;;;48.60325960488756, 7.738411373219144;;;;;
901;Rue du Gal de Gaulle vers Bischheim;901;Rue du Gal de Gaulle vers Bischheim;1;N-S;;;;48.60334531661627, 7.738712987953262;;;;;
109;Rue du Faubourg de Pierre vers Nuée Bleue;109;Rue du Faubourg de Pierre vers Nuée Bleue;1;vers Nuée Bleue;;;;48.58879355600022, 7.745995904407262;;;;;
104;Rue du Faubourg de Pierre vers Clémenceau;104;Rue du Faubourg de Pierre vers Clémenceau;1;vers Clémenceau;;;;48.58884971774047, 7.746297025423412;;;;;
717;Rue du Doubs vers Plaine des Bouchers;717;Rue du Doubs vers Plaine des Bouchers;1;N-S;;;;48.56240230077304, 7.7350959309062866;;;;;
716;Rue du Doubs vers Frères Eberts;716;Rue du Doubs vers Frères Eberts;1;N-S;;;;48.5624195070857, 7.734759090656775;;;;;
1006;Rue du 23 Novembre vers Ostwald;1006;Rue du 23 Novembre vers Ostwald;1;N-S;;;;48.53160337842863, 7.709456176117852;;;;;
107;Rue des Serruriers;107;Rue des Serruriers;1;N-S;;;;48.58104919852907, 7.748278155356016;;;;;
314;Rue de Wasselonne;314;Rue de Wasselonne;1;N-S;;;;48.57930893774305, 7.733470475901946;;;;;
210;Rue de Vienne vers Pont d'Austerlitz;210;Rue de Vienne vers Pont d'Austerlitz;1;N-S;;;;48.57435618237465, 7.755602084926734;;;;;
908;Rue de Vendenheim vers Périgueux;908;Rue de Vendenheim vers Périgueux;1;N-S;;;;48.61528341492965, 7.734198681496165;;;;;
907;Rue de Vendenheim vers Mundolsheim;907;Rue de Vendenheim vers Mundolsheim;1;N-S;;;;48.61530162269267, 7.734447572617549;;;;;
509;Rue de Rome vers Krutenau;509;Rue de Rome vers Krutenau;1;N-S;;;;48.57771518344568, 7.765758166301021;;;;;
510;Rue de Rome vers Esplanade;510;Rue de Rome vers Esplanade;1;N-S;;;;48.57756913961645, 7.765652554500104;;;;;
620;Rue de Ribeauvillé vers rue d'Orbey;620;Rue de Ribeauvillé vers rue d'Orbey;1;N-S;;;;48.56379703666016, 7.769081578980999;;;;;
307;Rue de Molsheim;307;Rue de Molsheim;1;N-S;;;;48.577357184589786, 7.733615632573319;;;;;
520;Rue de Lubeck vers Rue du Port du Rhin;520;Rue de Lubeck vers Rue du Port du Rhin;1;N-S;;;;48.58131513775668, 7.78776441895965;;;;;
519;Rue de Lubeck vers Pl. Henri Levy;519;Rue de Lubeck vers Pl. Henri Levy;1;N-S;;;;48.58128658820817, 7.7880642634406945;;;;;
1140;Rue de Lingolsheim vers Ostwald;1140;Rue de Lingolsheim vers Ostwald;1;N-S;;;;48.54959328105834, 7.697499285571847;;;;;
357;Rue de Lingolsheim vers Eckbolsheim;357;Rue de Lingolsheim vers Eckbolsheim;1;N-S;;;;48.56921202636432, 7.688225793313174;;;;;
1220;Rue de la Robertsau vers Pont Phario;1220;Rue de la Robertsau vers Pont Phario;1;N-S;;;;48.61263973771097, 7.766598858285485;;;;;
1221;Rue de la Robertsau vers Ch.Bock;1221;Rue de la Robertsau vers Ch.Bock;1;N-S;;;;48.6128109995146, 7.766631154681779;;;;;
1108;Rue de la Rivière vers Rte de Schirmeck;1108;Rue de la Rivière vers Rte de Schirmeck;1;N-S;;;;48.567084899939346, 7.71119196135417;;;;;
207;Rue de la Porte de l'Hôpital;207;Rue de la Porte de l'Hôpital;1;N-S;;;;48.57642563746421, 7.750434709233355;;;;;
1223;Rue de la Mairie vers Rue Principale;1223;Rue de la Mairie vers Rue Principale;1;N-S;;;;48.604063472133824, 7.74923395337738;;;;;
1222;Rue de la Mairie vers Rte de Bischwiller;1222;Rue de la Mairie vers Rte de Bischwiller;1;N-S;;;;48.60421767023338, 7.749373473560244;;;;;
1013;Rue de l'Industrie(Rhin) vers Travail;1013;Rue de l'Industrie(Rhin) vers Travail;1;N-S;;;;48.5304306897357, 7.7322443763273805;;;;;
1011;Rue de l'Industrie vers Rte de Lyon;1011;Rue de l'Industrie vers Rte de Lyon;1;N-S;;;;48.53514878254065, 7.7329364045921185;;;;;
1012;Rue de l'Industrie vers Lixenbuhl;1012;Rue de l'Industrie vers Lixenbuhl;1;N-S;;;;48.535151136479094, 7.732680356322286;;;;;
1014;Rue de l'Industrie (Travail) vers Rhin;1014;Rue de l'Industrie (Travail) vers Rhin;1;N-S;;;;48.530424290275505, 7.732008386665691;;;;;
1207;Rue de l'Ill vers Pont Phario;1207;Rue de l'Ill vers Pont Phario;1;N-S;;;;48.613263113211204, 7.770627440864911;;;;;
1208;Rue de l'Ill vers Papeterie;1208;Rue de l'Ill vers Papeterie;1;N-S;;;;48.613002784652835, 7.770626526962314;;;;;
419;Rue de l'Eglise Rouge vers Schiltigheim;419;Rue de l'Eglise Rouge vers Schiltigheim;1;N-S;;;;48.594266918869316, 7.746489697262118;;;;;
418;Rue de l'Eglise Rouge vers J. Kablé;418;Rue de l'Eglise Rouge vers J. Kablé;1;N-S;;;;48.59426600449233, 7.746308731598675;;;;;
359;Rue de Koenigshoffen vers C.Ville;359;Rue de Koenigshoffen vers C.Ville;1;N-S;;;;48.579873682231884, 7.729609374085032;;;;;
351;rue de koenigshoffen vers Autoroute;351;rue de koenigshoffen vers Autoroute;1;N-S;;;;48.581266650993605, 7.727284595671475;;;;;
1132;Rue de Holtzheim vers Lingolsheim;1132;Rue de Holtzheim vers Lingolsheim;1;N-S;;;;48.55530150401635, 7.672619270199803;;;;;
1133;Rue de Holtzheim vers Holtzheim;1133;Rue de Holtzheim vers Holtzheim;1;N-S;;;;48.55542422389298, 7.672859589601824;;;;;
1121;Rue de Geispolsheim vers Vigie;1121;Rue de Geispolsheim vers Vigie;1;N-S;;;;48.53972368015368, 7.703814146282887;;;;;
1120;Rue de Geispolsheim vers Rue des Vosges;1120;Rue de Geispolsheim vers Rue des Vosges;1;N-S;;;;48.53957439092949, 7.704058559056504;;;;;
310;Rue de Fouday;310;Rue de Fouday;1;N-S;;;;48.574614612429336, 7.731978031173272;;;;;
913;Rue de Copenhague vers Hausbergen;913;Rue de Copenhague vers Hausbergen;1;N-S;;;;48.61018244268132, 7.718149604638188;;;;;
914;Rue de Copenhague vers E.E.E.;914;Rue de Copenhague vers E.E.E.;1;N-S;;;;48.61020297212575, 7.718380406664905;;;;;
1137;Rue d'Ostwald vers Rue des Prés;1137;Rue d'Ostwald vers Rue des Prés;1;N-S;;;;48.560515555704605, 7.71183769705739;;;;;
1136;Rue d'Ostwald vers Elmerforst;1136;Rue d'Ostwald vers Elmerforst;1;N-S;;;;48.560491342291776, 7.712313462713102;;;;;
313;Rue d'Obernai;313;Rue d'Obernai;1;N-S;;;;48.57833196200005, 7.7332335678277415;;;;;
522;Rue Boecklin vers Rte de La Wantzenau;522;Rue Boecklin vers Rte de La Wantzenau;1;N-S;;;;48.605480002436124, 7.781472036254067;;;;;
545;Rue Boecklin vers CV;545;Rue Boecklin vers CV;1;N-S;;;;48.59804940634345, 7.777591558365304;;;;;
521;Rue Boecklin vers Centre Ville;521;Rue Boecklin vers Centre Ville;1;N-S;;;;48.60536865140331, 7.781276406678113;;;;;
714;Rue Alfred Kastler vers Illkirch;714;Rue Alfred Kastler vers Illkirch;1;N-S;;;;48.541169137194046, 7.741700290542581;;;;;
712;Rue Alfred Kastler vers Baggersee;712;Rue Alfred Kastler vers Baggersee;1;N-S;;;;48.54019752194578, 7.743138671535334;;;;;
309;Rte Romains (Constantin) vers Ville;309;Rte Romains (Constantin) vers Ville;1;N-S;;;;48.57892127162312, 7.700344636636842;;;;;
646;Rte Neuhof vers Illkirch;646;Rte Neuhof vers Illkirch;1;N-S;;;;48.54040308308944, 7.758500679677995;;;;;
804;Rte Mittelhausbergen (Rotonde) vers Jacob;804;Rte Mittelhausbergen (Rotonde) vers Jacob;1;N-S;;;;48.597946899972946, 7.715255897792836;;;;;
803;Rte Mittelhausbergen (Jacob) vers Rotonde;803;Rte Mittelhausbergen (Jacob) vers Rotonde;1;N-S;;;;48.59781819425879, 7.715027714716735;;;;;
911;Rte Hausbergen vers Becquerel;911;Rte Hausbergen vers Becquerel;1;N-S;;;;48.609024105402625, 7.715124675690223;;;;;
222;Rte du Rhin vers Contournement Sud;222;Rte du Rhin vers Contournement Sud;1;N-S;;;;48.572963132336355, 7.759930199427984;;;;;
214;Rte du Rhin (UGC) vers Ville;214;Rte du Rhin (UGC) vers Ville;1;vers Ville;;;;48.57273886663069, 7.765079369781862;;;;;
217;Rte du Rhin (UGC) vers Allemagne;217;Rte du Rhin (UGC) vers Allemagne;1;vers Allemagne;;;;48.57253487710021, 7.7650068605952285;;;;;
229;Rte du Rhin (Danube) vers Churchill;229;Rte du Rhin (Danube) vers Churchill;1;N-S;;;;48.57228097684815, 7.768743066857562;;;;;
233;Rte du Rhin (av.233) vers Allemagne;233;Rte du Rhin (av.233) vers Allemagne;1;N-S;;;;48.57200136673527, 7.768483511243069;;;;;
647;Rte du Neuhof vers Schuhansen;647;Rte du Neuhof vers Schuhansen;1;N-S;;;;48.54032949832077, 7.758790762717065;;;;;
1007;Rte du Neuhof vers Rte de Strasbourg;1007;Rte du Neuhof vers Rte de Strasbourg;1;N-S;;;;48.538860561712525, 7.737801563526837;;;;;
1008;Rte du Neuhof vers Neuhof;1008;Rte du Neuhof vers Neuhof;1;N-S;;;;48.538719169091614, 7.737712342896934;;;;;
318;Rte des Romains vers Place Blanche;318;Rte des Romains vers Place Blanche;1;N-S;;;;48.5801319877997, 7.719987321729809;;;;;
319;Rte des Romains vers Eckbolsheim;319;Rte des Romains vers Eckbolsheim;1;N-S;;;;48.580289962867994, 7.719943102132389;;;;;
705;Rte de Strasbourg vers Meinau;705;Rte de Strasbourg vers Meinau;1;N-S;;;;48.54617487176854, 7.739712003700524;;;;;
706;Rte de Strasbourg vers Illkirch;706;Rte de Strasbourg vers Illkirch;1;N-S;;;;48.546219197231416, 7.7393289534247955;;;;;
1010;Rte de Strasbourg vers Colonne;1010;Rte de Strasbourg vers Colonne;1;N-S;;;;48.541354573246686, 7.735437015187415;;;;;
1009;Rte de Strasbourg vers Baggersee;1009;Rte de Strasbourg vers Baggersee;1;N-S;;;;48.54123768685695, 7.735818448093669;;;;;
808;Rte de Mittelhausbergen vers Strasbourg;808;Rte de Mittelhausbergen vers Strasbourg;1;N-S;;;;48.602371988898255, 7.70869310425065;;;;;
809;Rte de Mittelhausbergen vers Mittel.;809;Rte de Mittelhausbergen vers Mittel.;1;N-S;;;;48.60249150842582, 7.708945517896191;;;;;
1021;Rte de Lyon(Gast) vers Glaciere;1021;Rte de Lyon(Gast) vers Glaciere;1;N-S;;;;48.53136444650212, 7.715638879227184;;;;;
1022;Rte de Lyon(Gast) vers 23 Novembre;1022;Rte de Lyon(Gast) vers 23 Novembre;1;N-S;;;;48.53156618417091, 7.715502642998755;;;;;
1003;Rte de Lyon (Mairie) vers Strasbourg;1003;Rte de Lyon (Mairie) vers Strasbourg;1;N-S;;;;48.526296779734544, 7.70982171494663;;;;;
1004;Rte de Lyon (Mairie) vers Pont du Péage;1004;Rte de Lyon (Mairie) vers Pont du Péage;1;N-S;;;;48.52637513336476, 7.709520804230074;;;;;
1002;Rte de Lyon (Industrie) vers Baumann;1002;Rte de Lyon (Industrie) vers Baumann;1;N-S;;;;48.53749622641338, 7.729130655262153;;;;;
1001;Rte de Lyon (Baumann) vers Industrie;1001;Rte de Lyon (Baumann) vers Industrie;1;N-S;;;;48.53731929561614, 7.729292879051678;;;;;
1210;Rte de La Wantzenau vers Rte de Bischwiller;1210;Rte de La Wantzenau vers Rte de Bischwiller;1;N-S;;;;48.62633331153465, 7.757124135048991;;;;;
1211;Rte de La Wantzenau vers Reichstett;1211;Rte de La Wantzenau vers Reichstett;1;N-S;;;;48.62619392228897, 7.757286970253166;;;;;
230;Rte de l'Hôpital vers Quai Fustel;230;Rte de l'Hôpital vers Quai Fustel;1;N-S;;;;48.57315018222722, 7.750824317784065;;;;;
232;Rte de l'Hôpital vers Pont Adenauer;232;Rte de l'Hôpital vers Pont Adenauer;1;N-S;;;;48.57272754033649, 7.750710201367643;;;;;
231;Rte de l'Hôpital vers Hôtel de Police;231;Rte de l'Hôpital vers Hôtel de Police;1;N-S;;;;48.57390712026333, 7.750377608778453;;;;;
208;Rte de l'Hôpital vers Av. Colmar;208;Rte de l'Hôpital vers Av. Colmar;1;N-S;;;;48.56984134924508, 7.751492110789268;;;;;
906;Rte de Hausbergen(Charme) vers Becquerel;906;Rte de Hausbergen(Charme) vers Becquerel;1;N-S;;;;48.607357638934324, 7.7246192137832725;;;;;
905;Rte de Hausbergen(Becquerel) vers Charme;905;Rte de Hausbergen(Becquerel) vers Charme;1;N-S;;;;48.6071398917456, 7.724652787254965;;;;;
912;Rte de Hausbergen (Becquerel) vers Mittel;912;Rte de Hausbergen (Becquerel) vers Mittel;1;N-S;;;;48.60917806503021, 7.715298066138593;;;;;
904;Rte de Brumath vers souffelweyersheim;904;Rte de Brumath vers souffelweyersheim;1;N-S;;;;48.61966941606021, 7.732119707851088;;;;;
903;Rte de Brumath vers Schiltigheim;903;Rte de Brumath vers Schiltigheim;1;N-S;;;;48.61963750870512, 7.731804688256216;;;;;
1204;Rte de Bischwiller (Principale) vers Mairie;1204;Rte de Bischwiller (Principale) vers Mairie;1;N-S;;;;48.60930236424258, 7.750492627276485;;;;;
1205;Rte de Bischwiller (Mairie) vers Bischheim;1205;Rte de Bischwiller (Mairie) vers Bischheim;1;N-S;;;;48.60915264320704, 7.7508220700479065;;;;;
1227;Rte de Bischwiller (961vers 1241);1227;Rte de Bischwiller (961vers 1241);1;N-S;;;;48.60099410798752, 7.745007360319848;;;;;
805;Rte d'Oberhausbergen vers Rotonde;805;Rte d'Oberhausbergen vers Rotonde;1;N-S;;;;48.59098721134761, 7.725266920331636;;;;;
802;Rte d'Oberhausbergen vers Oberhausberge;802;Rte d'Oberhausbergen vers Oberhausberge;1;N-S;;;;48.593779444695684, 7.713837350678654;;;;;
801;Rte d'Oberhausbergen vers Centre Ville;801;Rte d'Oberhausbergen vers Centre Ville;1;N-S;;;;48.59360593522742, 7.713670206226409;;;;;
628;Rte d'Altenheim vers Stockfeld;628;Rte d'Altenheim vers Stockfeld;1;N-S;;;;48.54005697915293, 7.768417761150077;;;;;
629;Rte d'Altenheim vers Av. du Neuhof;629;Rte d'Altenheim vers Av. du Neuhof;1;N-S;;;;48.54010542987655, 7.76873218539857;;;;;
909;Rte Brumath (Mundolsheim) vers Industrie;909;Rte Brumath (Mundolsheim) vers Industrie;1;N-S;;;;48.639368024880966, 7.72705290146796;;;;;
910;Rte Brumath (Industrie) vers Vendenheim;910;Rte Brumath (Industrie) vers Vendenheim;1;N-S;;;;48.639371810756145, 7.727314925095661;;;;;
1226;Rte Bischwiller (1241vers 961);1226;Rte Bischwiller (1241vers 961);1;N-S;;;;48.60104259268674, 7.744676372357859;;;;;
813;RP Cronenbourg vers G.Wodli;813;RP Cronenbourg vers G.Wodli;1;N-S;;;;48.59106145324522, 7.733966080269647;;;;;
602;Route du Polygone vers Pl. de l'Etoile;602;Route du Polygone vers Pl. de l'Etoile;1;N-S;;;;48.56716134139058, 7.758883203835281;;;;;
601;Route du Polygone vers Neudorf;601;Route du Polygone vers Neudorf;1;N-S;;;;48.567057341536376, 7.758644658994209;;;;;
350;Romains 351-306;350;Romains 351-306;1;N-S;;;;48.58081204122914, 7.7260207930846505;;;;;
323;Romains (Constantin) vers Eckbolsheim;323;Romains (Constantin) vers Eckbolsheim;1;N-S;;;;48.57911688771405, 7.70041246633041;;;;;
1129;Rivage vers Melezes;1129;Rivage vers Melezes;1;N-S;;;;48.55124161250383, 7.716412241451349;;;;;
1128;Rivage vers Ile des Pecheurs;1128;Rivage vers Ile des Pecheurs;1;N-S;;;;48.55132913561772, 7.716140596463143;;;;;
838;Rieth vers Mittelhausbergen;838;Rieth vers Mittelhausbergen;1;N-S;;;;48.601180634226694, 7.716182918596842;;;;;
836;Rieth vers Lavoisier;836;Rieth vers Lavoisier;1;N-S;;;;48.602003489055576, 7.721877745232564;;;;;
837;Rieth vers Hochfelden;837;Rieth vers Hochfelden;1;N-S;;;;48.60183140050502, 7.721874616617024;;;;;
621;Ribeauville (Orbey) vers Bale;621;Ribeauville (Orbey) vers Bale;1;N-S;;;;48.56401101969007, 7.768850220295163;;;;;
644;Rhin Tortu vers Abbé Epée;644;Rhin Tortu vers Abbé Epée;1;N-S;;;;48.54356331965552, 7.759147192997013;;;;;
639;Rhin Napoléon vers Rue du Havre;639;Rhin Napoléon vers Rue du Havre;1;N-S;;;;48.5671664124627, 7.7930472740931345;;;;;
638;Rhin Napoléon vers Rte du Rhin;638;Rhin Napoléon vers Rte du Rhin;1;N-S;;;;48.56729941042633, 7.793326239169516;;;;;
234;Rhin 687-233;234;Rhin 687-233;1;N-S;;;;48.571020940095735, 7.774800656190016;;;;;
236;Rhin 233-687;236;Rhin 233-687;1;N-S;;;;48.57072186483725, 7.774638614445805;;;;;
1225;Republique vers Souffelweyersheim;1225;Republique vers Souffelweyersheim;1;N-S;;;;48.61869328416714, 7.755019562426966;;;;;
1224;Republique vers Bischheim;1224;Republique vers Bischheim;1;N-S;;;;48.61873398316191, 7.754680660749088;;;;;
203;Quai St.Nicolas vers Quai des Pêcheurs;203;Quai St.Nicolas vers Quai des Pêcheurs;1;N-S;;;;48.578885217028954, 7.750527962812068;;;;;
204;Quai St.Nicolas vers Finkwiller;204;Quai St.Nicolas vers Finkwiller;1;N-S;;;;48.579047295570675, 7.750384317995285;;;;;
201;Quai Pasteur vers Quai Fustel;201;Quai Pasteur vers Quai Fustel;1;N-S;;;;48.57419648491748, 7.744365733185401;;;;;
202;Quai Pasteur vers Pont Pasteur;202;Quai Pasteur vers Pont Pasteur;1;N-S;;;;48.57438405706761, 7.744366835419741;;;;;
108;Quai Kléber;108;Quai Kléber;1;N-S;;;;48.58647117035909, 7.745478634070259;;;;;
415;Quai des Pêcheurs vers Rue de Zurich;415;Quai des Pêcheurs vers Rue de Zurich;1;N-S;;;;48.58325916439801, 7.758328771702915;;;;;
416;Quai des Pêcheurs vers Pont Royal;416;Quai des Pêcheurs vers Pont Royal;1;N-S;;;;48.583172002368336, 7.758534637179113;;;;;
609;Pont Vauban vers Parc de l'Etoile;609;Pont Vauban vers Parc de l'Etoile;1;vers Parc de l'Etoile;;;;48.570134105138195, 7.7837340735194935;;;;;
608;Pont Vauban vers Allemagne;608;Pont Vauban vers Allemagne;1;vers Allemagne;;;;48.56991757466301, 7.783948360641194;;;;;
304;Pont Matthis vers Rue Humann;304;Pont Matthis vers Rue Humann;1;N-S;;;;48.577818856415384, 7.736967040357757;;;;;
303;Pont Matthis vers Rue de Molsheim;303;Pont Matthis vers Rue de Molsheim;1;N-S;;;;48.57799260902056, 7.7370652308079055;;;;;
1016;Pont Lixenbuhl vers Rue d'Alsace;1016;Pont Lixenbuhl vers Rue d'Alsace;1;N-S;;;;48.529220346864335, 7.730119354722018;;;;;
1015;Pont Lixenbuhl vers Rhin;1015;Pont Lixenbuhl vers Rhin;1;N-S;;;;48.52904169564413, 7.73014696272172;;;;;
240;Pont du Danube vers Rte du Rhin;240;Pont du Danube vers Rte du Rhin;1;N-S;;;;48.57295981247543, 7.771119694528188;;;;;
239;Pont du Danube vers Quai des Alpes;239;Pont du Danube vers Quai des Alpes;1;N-S;;;;48.57289219354877, 7.77143729452092;;;;;
635;Pont de l'Europe vers Rte du Rhin;635;Pont de l'Europe vers Rte du Rhin;1;vers Rte du Rhin;;;;48.57305543294782, 7.800087096478658;;;;;
634;Pont de l'Europe vers Allemagne;634;Pont de l'Europe vers Allemagne;1;vers Allemagne;;;;48.57278567144489, 7.800299566067779;;;;;
1141;Pont d'Ostwald vers Lingolsheim;1141;Pont d'Ostwald vers Lingolsheim;1;N-S;;;;48.54976669753062, 7.6976516982416605;;;;;
503;Pont d'Anvers vers Place de Kehl;503;Pont d'Anvers vers Place de Kehl;1;N-S;;;;48.57937944904749, 7.782096648913262;;;;;
504;Pont d'Anvers vers Allemagne;504;Pont d'Anvers vers Allemagne;1;N-S;;;;48.57922602942348, 7.781958415492845;;;;;
852;Poincaré-WWilson;852;Poincaré-WWilson;1;N-S;;;;48.590400014601876, 7.743952456367856;;;;;
851;Poincaré 884-405;851;Poincaré 884-405;1;N-S;;;;48.590172178947455, 7.744034248824564;;;;;
305;Plaine des Bouchers vers Rue Humann;305;Plaine des Bouchers vers Rue Humann;1;N-S;;;;48.57193151473019, 7.737439638056699;;;;;
708;Plaine des Bouchers vers Montagne-Verte;708;Plaine des Bouchers vers Montagne-Verte;1;N-S;;;;48.56739148570618, 7.739699141306438;;;;;
709;Plaine des Bouchers vers Fédération;709;Plaine des Bouchers vers Fédération;1;N-S;;;;48.56741329409267, 7.739457936991721;;;;;
301;Place de la Gare vers Bld de Nancy;301;Place de la Gare vers Bld de Nancy;1;N-S;;;;48.583164945903405, 7.733734421565192;;;;;
811;Pl.Haguenau (Brumath) vers Sortie Autoroute;811;Pl.Haguenau (Brumath) vers Sortie Autoroute;1;N-S;;;;48.59533203410353, 7.7425665401186485;;;;;
216;Pl.Etoile vers Rte du Rhin;216;Pl.Etoile vers Rte du Rhin;1;N-S;;;;48.57290033299193, 7.7580814845781365;;;;;
727;Pl.Bouchers vers F.Eberts;727;Pl.Bouchers vers F.Eberts;1;N-S;;;;48.56242742276769, 7.738819022876903;;;;;
726;PL.Bouchers (POM) vers 775;726;PL.Bouchers (POM) vers 775;1;N-S;;;;48.562427405226835, 7.739070742597354;;;;;
221;Pl. Etoile vers Contournemend Sud;221;Pl. Etoile vers Contournemend Sud;1;N-S;;;;48.57230508361702, 7.75286797171555;;;;;
918;PL Europe vers Vienne;918;PL Europe vers Vienne;1;N-S;;;;48.61223476679429, 7.71531723143104;;;;;
919;PL Europe vers Rome;919;PL Europe vers Rome;1;N-S;;;;48.610673232240956, 7.712739679112065;;;;;
806;Petite Rue des Magasins;806;Petite Rue des Magasins;1;N-S;;;;48.58902384945885, 7.739208027977964;;;;;
657;Petit Rhin vers Rhin Napoléon;657;Petit Rhin vers Rhin Napoléon;1;N-S;;;;48.56942066654049, 7.78885467359776;;;;;
656;"Petit Rhin vers ";656;"Petit Rhin vers ";1;N-S;;;;48.569568783980266, 7.78907726478451;;;;;
341;Paul Eluard;341;Paul Eluard;1;N-S;;;;48.59001495150603, 7.698325750386498;;;;;
624;Paul Dopf vers Orbey;624;Paul Dopf vers Orbey;1;N-S;;;;48.55669539356148, 7.77287073418356;;;;;
625;Paul Dopf vers Canonniers;625;Paul Dopf vers Canonniers;1;N-S;;;;48.55677220276827, 7.77261002929024;;;;;
848;P.R.Magasins vers Wilson;848;P.R.Magasins vers Wilson;1;N-S;;;;48.589271871133874, 7.737766852510603;;;;;
847;P.R.Magasins vers Cronenbourg;847;P.R.Magasins vers Cronenbourg;1;N-S;;;;48.58938820235925, 7.737794384930171;;;;;
40;Ostwald40 vers Nord;40;Ostwald40 vers Nord;1;N-S;;;;48.563233126991776, 7.710035436732648;;;;;
39;Ostwald3 vers Sud;39;Ostwald3 vers Sud;1;N-S;;;;48.563100770499574, 7.70988078209767;;;;;
38;Ostwald2 vers Nord;38;Ostwald2 vers Nord;1;N-S;;;;48.56448202049183, 7.707970109425096;;;;;
37;Ostwald1 vers Sud;37;Ostwald1 vers Sud;1;N-S;;;;48.564349388280995, 7.70778010961473;;;;;
265;Orphelins vers Zurich;265;Orphelins vers Zurich;1;N-S;;;;48.57909578560961, 7.7555691827861555;;;;;
266;Orphelins vers Sengenwald;266;Orphelins vers Sengenwald;1;N-S;;;;48.57918190225947, 7.755354807467022;;;;;
547;Mélanie vers Kempf;547;Mélanie vers Kempf;1;N-S;;;;48.60326633092015, 7.7843353479477955;;;;;
546;Mélanie vers Boecklin;546;Mélanie vers Boecklin;1;N-S;;;;48.603408502455565, 7.784164106147386;;;;;
1206;Montée A350 Herrenschmidt;1206;Montée A350 Herrenschmidt;1;N-S;;;;48.5960789731914, 7.748768132672136;;;;;
711;Montée A35 Baggersee;711;Montée A35 Baggersee;1;N-S;;;;48.54445724406939, 7.733350937200106;;;;;
220;Montee Contournement Sud (Hôpital);220;Montee Contournement Sud (Hôpital);1;N-S;;;;48.5719177319796, 7.748929203491457;;;;;
25;Montagne-Verte6 vers Sud;25;Montagne-Verte6 vers Sud;1;N-S;;;;48.57030313589174, 7.727374097007516;;;;;
24;Montagne-Verte5 vers Nord;24;Montagne-Verte5 vers Nord;1;N-S;;;;48.57047320423244, 7.727531514494504;;;;;
23;Montagne-Verte4 vers Sud;23;Montagne-Verte4 vers Sud;1;N-S;;;;48.57144652597123, 7.725271451325569;;;;;
22;Montagne-Verte3 vers Nord;22;Montagne-Verte3 vers Nord;1;N-S;;;;48.57153753748135, 7.725492349805743;;;;;
21;Montagne-Verte21;21;Montagne-Verte21;1;N-S;;;;48.57367049664407, 7.725879574568188;;;;;
339;Mitterrand vers Wasselonne;339;Mitterrand vers Wasselonne;1;N-S;;;;48.58362336638204, 7.6926046391578335;;;;;
340;Mitterrand vers Péguy;340;Mitterrand vers Péguy;1;N-S;;;;48.583516418059084, 7.692866185131264;;;;;
1019;Mal Foch (Thiriet) vers Ostwald;1019;Mal Foch (Thiriet) vers Ostwald;1;N-S;;;;48.53546553499973, 7.70931617659473;;;;;
1020;Mal Foch (Thiriet) vers 23 Novembre;1020;Mal Foch (Thiriet) vers 23 Novembre;1;N-S;;;;48.53551728965064, 7.709019688322007;;;;;
734;M.Verte vers Unterelsau;734;M.Verte vers Unterelsau;1;N-S;;;;48.56983216720636, 7.733302370433565;;;;;
735;M.Verte vers PL.des Bouchers;735;M.Verte vers PL.des Bouchers;1;N-S;;;;48.56965968510687, 7.733211934646416;;;;;
343;M.Reberioux vers Jacobi Netter;343;M.Reberioux vers Jacobi Netter;1;N-S;;;;48.58548537065024, 7.707796201977608;;;;;
342;M.Reberioux vers Engelbreit;342;M.Reberioux vers Engelbreit;1;N-S;;;;48.58543043917027, 7.707371301430652;;;;;
1023;Lyon (Pêcheurs) vers Strasbourg;1023;Lyon (Pêcheurs) vers Strasbourg;1;N-S;;;;48.52096590214441, 7.7061082325029915;;;;;
1024;Lyon (Pêcheurs) vers Geispolsheim;1024;Lyon (Pêcheurs) vers Geispolsheim;1;N-S;;;;48.521079704322396, 7.705846729754076;;;;;
839;Lavoisier vers Langevin;839;Lavoisier vers Langevin;1;N-S;;;;48.60313127365629, 7.719394744265492;;;;;
360;Koenigshoffen vers Remparts;360;Koenigshoffen vers Remparts;1;N-S;;;;48.5800820039832, 7.729768143865598;;;;;
534;Kastner vers Jacoutot;534;Kastner vers Jacoutot;1;N-S;;;;48.59607635513744, 7.778036137069175;;;;;
533;Kastner vers Boecklin;533;Kastner vers Boecklin;1;N-S;;;;48.59621794851652, 7.778250223213249;;;;;
505;J.P.Levy vers Esplanade;505;J.P.Levy vers Esplanade;1;N-S;;;;48.57584741464644, 7.768523726251937;;;;;
506;J.P.Levy vers Alpes;506;J.P.Levy vers Alpes;1;N-S;;;;48.57589545083093, 7.768156417189695;;;;;
1127;Ile des Pecheurs vers Rivage;1127;Ile des Pecheurs vers Rivage;1;N-S;;;;48.55069624898802, 7.713581017702312;;;;;
1126;Ile des Pecheurs vers Gal Leclerc;1126;Ile des Pecheurs vers Gal Leclerc;1;N-S;;;;48.55087806042976, 7.713681928899589;;;;;
833;Hochfelden (837) vers Villette;833;Hochfelden (837) vers Villette;1;N-S;;;;48.596847020156105, 7.727474919797418;;;;;
832;Hochfelden (837) vers centre ville;832;Hochfelden (837) vers centre ville;1;N-S;;;;48.59324616724933, 7.7299385296724346;;;;;
718;Gal Offenstein(Pfister) vers Rhin Tortu;718;Gal Offenstein(Pfister) vers Rhin Tortu;1;N-S;;;;48.55471902670053, 7.75607712349697;;;;;
1152;Gal Leclerc 1199-1120;1152;Gal Leclerc 1199-1120;1;N-S;;;;48.54547836707159, 7.710172986203057;;;;;
1153;Gal Leclerc 1120-1199;1153;Gal Leclerc 1120-1199;1;N-S;;;;48.54551756241976, 7.710397399732208;;;;;
814;G.Wodli vers Cronenbourg;814;G.Wodli vers Cronenbourg;1;N-S;;;;48.590291276217116, 7.735715372134125;;;;;
720;Federation vers Pl.Bouchers;720;Federation vers Pl.Bouchers;1;N-S;;;;48.56214011355737, 7.749203365596033;;;;;
721;Federation vers Colmar;721;Federation vers Colmar;1;N-S;;;;48.561982829511486, 7.749080458736742;;;;;
113;Faubourg de Saverne vers Pont de Savern;113;Faubourg de Saverne vers Pont de Savern;1;N-S;;;;48.5861283913922, 7.740161231963629;;;;;
112;Faubourg de Saverne vers Bld Wilson;112;Faubourg de Saverne vers Bld Wilson;1;N-S;;;;48.58626377383912, 7.740440328020837;;;;;
1130;Entree Lingo;1130;Entree Lingo;1;N-S;;;;48.55264223075427, 7.674303635747638;;;;;
1134;Elmerforst (1190) vers 1101;1134;Elmerforst (1190) vers 1101;1;N-S;;;;48.562918399418514, 7.71201713150528;;;;;
1135;Elmerforst (1101) vers 1190;1135;Elmerforst (1101) vers 1190;1;N-S;;;;48.563090252957274, 7.71172649419736;;;;;
322;E.Rostand vers av.Corneille;322;E.Rostand vers av.Corneille;1;N-S;;;;48.59214746098961, 7.694038647930398;;;;;
321;E.Rostand vers A351;321;E.Rostand vers A351;1;N-S;;;;48.592204812265216, 7.693702676163838;;;;;
106;Division Leclerc;106;Division Leclerc;1;N-S;;;;48.57982489264603, 7.748302077934138;;;;;
223;Descente Contournement Sud Rte Hôpital;223;Descente Contournement Sud Rte Hôpital;1;N-S;;;;48.57155242718596, 7.7493305693676415;;;;;
224;Descente contournement Sud Pl.Etoile;224;Descente contournement Sud Pl.Etoile;1;N-S;;;;48.572004504317334, 7.7526889404608745;;;;;
810;Descente Autoroute Place de Haguenau;810;Descente Autoroute Place de Haguenau;1;N-S;;;;48.598352923261565, 7.738651913435177;;;;;
264;Cylistes A.Kastler vers Quai des Belges;264;Cylistes A.Kastler vers Quai des Belges;1;N-S;;;;48.57286920089947, 7.771790654465423;;;;;
251;Cyclistes Schluthfeld vers Pl.Etoile;251;Cyclistes Schluthfeld vers Pl.Etoile;1;N-S;;;;48.571254384182275, 7.754316352408991;;;;;
252;Cyclistes Schluthfeld vers Av.Colmar;252;Cyclistes Schluthfeld vers Av.Colmar;1;N-S;;;;48.57129583494225, 7.754149061430642;;;;;
354;Cyclistes Salles vers Lyon;354;Cyclistes Salles vers Lyon;1;N-S;;;;48.57451440128244, 7.734034333035929;;;;;
355;Cyclistes Saales vers Porte de Schirmeck;355;Cyclistes Saales vers Porte de Schirmeck;1;N-S;;;;48.574575414688226, 7.733860341835846;;;;;
723;Cyclistes Rue du Doubs vers Illkirch;723;Cyclistes Rue du Doubs vers Illkirch;1;N-S;;;;48.55843342132032, 7.734211596430535;;;;;
722;Cyclistes Rue du Doubs - Centre ville;722;Cyclistes Rue du Doubs - Centre ville;1;N-S;;;;48.55842196744886, 7.734406485647272;;;;;
227;Cyclistes Rue de Vienne vers Neudorf;227;Cyclistes Rue de Vienne vers Neudorf;1;N-S;;;;48.57435842045746, 7.7558165784046516;;;;;
226;Cyclistes Rue de Vienne vers Centre;226;Cyclistes Rue de Vienne vers Centre;1;N-S;;;;48.57438197718318, 7.756012330848533;;;;;
648;Cyclistes Rte Neuhof vers Schuhansen;648;Cyclistes Rte Neuhof vers Schuhansen;1;N-S;;;;48.54029115005513, 7.758955915601485;;;;;
649;Cyclistes Rte Neuhof vers Illkirch;649;Cyclistes Rte Neuhof vers Illkirch;1;N-S;;;;48.54024071436628, 7.759103435597994;;;;;
333;Cyclistes Rte des Romains vers C.Ville;333;Cyclistes Rte des Romains vers C.Ville;1;N-S;;;;48.58038958741391, 7.7198290530890095;;;;;
818;Cyclistes Rte d'Oberh.(SDIS) vers CV;818;Cyclistes Rte d'Oberh.(SDIS) vers CV;1;N-S;;;;48.59031938751372, 7.727301491947219;;;;;
643;Cyclistes Rhin Tortu vers Provence;643;Cyclistes Rhin Tortu vers Provence;1;N-S;;;;48.55009248802015, 7.757994245889686;;;;;
642;Cyclistes Rhin Tortu vers Offenstein;642;Cyclistes Rhin Tortu vers Offenstein;1;N-S;;;;48.550093383083784, 7.758223630413933;;;;;
338;Cyclistes Remparts vers Wodli;338;Cyclistes Remparts vers Wodli;1;N-S;;;;48.58233552990209, 7.72908514307687;;;;;
337;Cyclistes Remparts vers Koenigshoffen;337;Cyclistes Remparts vers Koenigshoffen;1;N-S;;;;48.58237971734294, 7.728886386207494;;;;;
250;Cyclistes Quai Pasteur vers Porte Hôpital;250;Cyclistes Quai Pasteur vers Porte Hôpital;1;N-S;;;;48.573968393353276, 7.744479148346997;;;;;
249;Cyclistes Quai Pasteur vers Pont Pasteur;249;Cyclistes Quai Pasteur vers Pont Pasteur;1;N-S;;;;48.57408349153526, 7.74443815496615;;;;;
332;Cyclistes Quai Bloch vers Elsau;332;Cyclistes Quai Bloch vers Elsau;1;N-S;;;;48.57781773125801, 7.7366221758279545;;;;;
331;Cyclistes Quai Bloch vers Centre ville;331;Cyclistes Quai Bloch vers Centre ville;1;N-S;;;;48.57790138425176, 7.736812678036491;;;;;
424;Cyclistes Pl.Haguenau vers Schiltigheim;424;Cyclistes Pl.Haguenau vers Schiltigheim;1;N-S;;;;48.593223787657294, 7.742162439125671;;;;;
425;Cyclistes Pl.Haguenau vers C.Ville;425;Cyclistes Pl.Haguenau vers C.Ville;1;N-S;;;;48.59322349080708, 7.741967381534985;;;;;
816;Cyclistes Piste J.Robic vers Cronenbourg;816;Cyclistes Piste J.Robic vers Cronenbourg;1;N-S;;;;48.590807886167916, 7.733252663808225;;;;;
815;Cyclistes Piste J.Robic vers Centre Ville;815;Cyclistes Piste J.Robic vers Centre Ville;1;N-S;;;;48.59068162473612, 7.733225454191061;;;;;
1143;Cyclistes M.Garin vers Schirmeck;1143;Cyclistes M.Garin vers Schirmeck;1;N-S;;;;48.574462278192385, 7.721014434687406;;;;;
1142;Cyclistes M.Garin vers Lemire;1142;Cyclistes M.Garin vers Lemire;1;N-S;;;;48.57433755326548, 7.7210730335729005;;;;;
431;Cyclistes Kablé vers Haguenau;431;Cyclistes Kablé vers Haguenau;1;N-S;;;;48.59325374884587, 7.749337049110116;;;;;
430;Cyclistes Kablé vers Bordeaux;430;Cyclistes Kablé vers Bordeaux;1;N-S;;;;48.59312811466062, 7.749369362523637;;;;;
426;Cyclistes Herrenschmidt vers Mendes France;426;Cyclistes Herrenschmidt vers Mendes France;1;N-S;;;;48.59696083911659, 7.755647757853439;;;;;
427;Cyclistes Herrenschmidt vers Bordeaux;427;Cyclistes Herrenschmidt vers Bordeaux;1;N-S;;;;48.59687165671171, 7.755508001412318;;;;;
110;Cyclistes Fbd Pierre vers Clémenceau;110;Cyclistes Fbd Pierre vers Clémenceau;1;N-S;;;;48.58885184022549, 7.746501326449473;;;;;
435;Cyclistes Eglise Rouge vers Schiltigheim;435;Cyclistes Eglise Rouge vers Schiltigheim;1;N-S;;;;48.59362014898262, 7.74681009743837;;;;;
434;Cyclistes Eg.Rouge vers Kablé;434;Cyclistes Eg.Rouge vers Kablé;1;N-S;;;;48.59360067066825, 7.746638273023367;;;;;
262;Cyclistes E.Michelet vers Quai des Alpes;262;Cyclistes E.Michelet vers Quai des Alpes;1;N-S;;;;48.573569175457706, 7.766835984185036;;;;;
261;Cyclistes E.Michelet vers Av.Rhin;261;Cyclistes E.Michelet vers Av.Rhin;1;N-S;;;;48.573634166267766, 7.766670322536929;;;;;
253;Cyclistes Corbeau vers Austerlitz;253;Cyclistes Corbeau vers Austerlitz;1;N-S;;;;48.57904187172219, 7.7518883446120554;;;;;
538;Cyclistes Chemin Goeb vers Robertsau;538;Cyclistes Chemin Goeb vers Robertsau;1;N-S;;;;48.592679121511964, 7.783921883236408;;;;;
537;Cyclistes chemin Goeb vers Orangerie;537;Cyclistes chemin Goeb vers Orangerie;1;N-S;;;;48.59273982881004, 7.783747660840394;;;;;
263;Cyclistes A.Kastler vers Av.Rhin;263;Cyclistes A.Kastler vers Av.Rhin;1;N-S;;;;48.57288636605544, 7.771610284427906;;;;;
1025;Cyclistes 23 Nov. vers Vigie;1025;Cyclistes 23 Nov. vers Vigie;1;N-S;;;;48.53183755529878, 7.707508559765836;;;;;
1026;Cyclistes 23 Nov. vers Illkirch;1026;Cyclistes 23 Nov. vers Illkirch;1;N-S;;;;48.53172091389608, 7.707443045317129;;;;;
334;Cycliste Rte des Romains vers Eckbolsheim;334;Cycliste Rte des Romains vers Eckbolsheim;1;N-S;;;;48.580523927314765, 7.719806071347597;;;;;
111;Cycliste Fbg Pierre vers Nuée Bleue;111;Cycliste Fbg Pierre vers Nuée Bleue;1;N-S;;;;48.58868710733048, 7.745867473360867;;;;;
254;Cycliste Corbeau vers Pt Corbeau;254;Cycliste Corbeau vers Pt Corbeau;1;N-S;;;;48.57905852576043, 7.752069263115181;;;;;
819;Cycl.Rte d'Oberh.(SDIS) vers Cronenb.;819;Cycl.Rte d'Oberh.(SDIS) vers Cronenb.;1;N-S;;;;48.59044590023039, 7.727330366080557;;;;;
820;Cycl.Rte d'Oberh. (DDT) vers CV;820;Cycl.Rte d'Oberh. (DDT) vers CV;1;N-S;;;;48.590767932740114, 7.727425781233926;;;;;
724;Cycl.Plaine des Bouchers vers M.Verte;724;Cycl.Plaine des Bouchers vers M.Verte;1;N-S;;;;48.567308171632, 7.739268427102987;;;;;
725;Cycl.Plaine des Bouchers vers Fédérat.;725;Cycl.Plaine des Bouchers vers Fédérat.;1;N-S;;;;48.56732125314296, 7.739069387762957;;;;;
821;Cycl. Rte d'Oberh. (DDT) vers Cronenb.;821;Cycl. Rte d'Oberh. (DDT) vers Cronenb.;1;N-S;;;;48.59089613079774, 7.727444566207111;;;;;
552;Cyc.Voie TRAm vers Médiane;552;Cyc.Voie TRAm vers Médiane;1;N-S;;;;48.609165516887984, 7.78525714764698;;;;;
550;Cyc.voie TRAm vers Jardiniers;550;Cyc.voie TRAm vers Jardiniers;1;N-S;;;;48.60012981132894, 7.785378869621818;;;;;
551;Cyc.Voie TRAm vers Docteur François;551;Cyc.Voie TRAm vers Docteur François;1;N-S;;;;48.60000578131017, 7.7855293654156625;;;;;
926;Cyc.Rte de Brumath vers Vendenheim;926;Cyc.Rte de Brumath vers Vendenheim;1;N-S;;;;48.64215849244667, 7.7261437189451545;;;;;
925;Cyc.Rte de Brumath vers Strasbourg;925;Cyc.Rte de Brumath vers Strasbourg;1;N-S;;;;48.642147630443716, 7.725902282708466;;;;;
345;Cyc.Romains Sud vers Eckbo;345;Cyc.Romains Sud vers Eckbo;1;N-S;;;;48.580018952415045, 7.719994740688096;;;;;
344;Cyc.Romains Sud vers CV;344;Cyc.Romains Sud vers CV;1;N-S;;;;48.579887849916986, 7.720104643379965;;;;;
436;Cyc.Pl.Haguenau vers Kablé;436;Cyc.Pl.Haguenau vers Kablé;1;N-S;;;;48.592725122278175, 7.74448014404519;;;;;
654;Cyc.Montée Rhin Napoléon vers Av.Rhin;654;Cyc.Montée Rhin Napoléon vers Av.Rhin;1;N-S;;;;48.56996485850416, 7.785671386122171;;;;;
732;Cyc.Montagne-Verte vers Unterelsau;732;Cyc.Montagne-Verte vers Unterelsau;1;N-S;;;;48.56937417601918, 7.731130183950653;;;;;
733;Cyc.Montagne-Verte vers Pl.Bouchers;733;Cyc.Montagne-Verte vers Pl.Bouchers;1;N-S;;;;48.56927257384776, 7.73106366120256;;;;;
1145;Cyc.Ile Pêcheurs vers Rivage;1145;Cyc.Ile Pêcheurs vers Rivage;1;N-S;;;;48.5504528430315, 7.713585382002491;;;;;
428;Cyc.Herrenschmidt vers Mendes France PMC;428;Cyc.Herrenschmidt vers Mendes France PMC;1;N-S;;;;48.59742408090281, 7.756485716774578;;;;;
429;Cyc.Herrenschmidt vers Bordeaux (PMC);429;Cyc.Herrenschmidt vers Bordeaux (PMC);1;N-S;;;;48.597318566892866, 7.7562863795148935;;;;;
923;Cyc.Hausbergen vers Schiltigheim;923;Cyc.Hausbergen vers Schiltigheim;1;N-S;;;;48.60626473017273, 7.728104189883588;;;;;
437;Cyc.Haguenau vers Bischwiller;437;Cyc.Haguenau vers Bischwiller;1;N-S;;;;48.59276215125965, 7.74465195960963;;;;;
439;Cyc.Forêt-Noire vers Pl. Islande;439;Cyc.Forêt-Noire vers Pl. Islande;1;N-S;;;;48.585258315501164, 7.768421533761057;;;;;
438;Cyc.Forêt-Noire vers Brant;438;Cyc.Forêt-Noire vers Brant;1;N-S;;;;48.585380232962606, 7.768478144189438;;;;;
544;Cyc.Europe(Sforza) vers Sforza;544;Cyc.Europe(Sforza) vers Sforza;1;N-S;;;;48.595614995166954, 7.7742357419863435;;;;;
543;Cyc.Europe(Sforza) vers Robertsau;543;Cyc.Europe(Sforza) vers Robertsau;1;N-S;;;;48.595528549107215, 7.774383544572974;;;;;
1149;Cyc.Ettore Bugatti vers Vigie;1149;Cyc.Ettore Bugatti vers Vigie;1;N-S;;;;48.54759034643771, 7.700493284880789;;;;;
1148;Cyc.Ettore Bugatti vers Lingolsheim;1148;Cyc.Ettore Bugatti vers Lingolsheim;1;N-S;;;;48.54752537192534, 7.700655131591171;;;;;
655;Cyc.Av.Rhin vers Rhin Napoléon;655;Cyc.Av.Rhin vers Rhin Napoléon;1;N-S;;;;48.569828916431746, 7.785679233816387;;;;;
652;Cyc.Av.Rhin vers Pt.Vauban (Petit Rhin);652;Cyc.Av.Rhin vers Pt.Vauban (Petit Rhin);1;N-S;;;;48.57153265209857, 7.787073385030926;;;;;
650;Cyc.Av.Rhin vers Pt Vauban;650;Cyc.Av.Rhin vers Pt Vauban;1;N-S;;;;48.571170611702506, 7.7877095482370065;;;;;
653;Cyc.Av.Rhin vers Allemagne (Petit Rhin);653;Cyc.Av.Rhin vers Allemagne (Petit Rhin);1;N-S;;;;48.57147309331819, 7.787230513193339;;;;;
651;Cyc.Av.Rhin vers Allemagne;651;Cyc.Av.Rhin vers Allemagne;1;N-S;;;;48.57108283019309, 7.787844570495583;;;;;
541;Cyc.Av.Europe vers Robertsau;541;Cyc.Av.Europe vers Robertsau;1;N-S;;;;48.595199908523455, 7.774761398388335;;;;;
542;Cyc.Av.Europe vers Bosquets;542;Cyc.Av.Europe vers Bosquets;1;N-S;;;;48.595283749561574, 7.77462012831869;;;;;
553;Cyc. VoieTRAm vers Renaissance;553;Cyc. VoieTRAm vers Renaissance;1;N-S;;;;48.60912959030144, 7.785506223345342;;;;;
667;Cyc. Polygone vers Neuhof;667;Cyc. Polygone vers Neuhof;1;N-S;;;;48.57011301448094, 7.757431593248563;;;;;
666;Cyc. Polygone vers CV;666;Cyc. Polygone vers CV;1;N-S;;;;48.570109241083365, 7.757595519571219;;;;;
1144;Cyc. Ile Pêcheurs vers Gal Leclerc;1144;Cyc. Ile Pêcheurs vers Gal Leclerc;1;N-S;;;;48.550572004253624, 7.713598253157857;;;;;
924;Cyc. Hausbergen vers EEE;924;Cyc. Hausbergen vers EEE;1;N-S;;;;48.60672086522228, 7.72821719698093;;;;;
206;Centre Administratif vers Neudorf;206;Centre Administratif vers Neudorf;1;N-S;;;;48.573660140578966, 7.754184422539577;;;;;
205;Centre Administratif vers Bourse;205;Centre Administratif vers Bourse;1;N-S;;;;48.57365944040609, 7.754537365300391;;;;;
841;Calmette vers CHU;841;Calmette vers CHU;1;N-S;;;;48.58986615369946, 7.7102742559050625;;;;;
842;Calmette vers A351;842;Calmette vers A351;1;N-S;;;;48.58982958028227, 7.709958962447535;;;;;
1229;Boecklin 1283-1282;1229;Boecklin 1283-1282;1;N-S;;;;48.60981507154093, 7.780550777525009;;;;;
1228;Boecklin 1282-1283;1228;Boecklin 1282-1283;1;N-S;;;;48.60974376345038, 7.7807734877743675;;;;;
817;Bld Wilson vers Place de la Gare;817;Bld Wilson vers Place de la Gare;1;N-S;;;;48.58674246080537, 7.7378234414459275;;;;;
302;Bld Wilson vers Fbg de Saverne;302;Bld Wilson vers Fbg de Saverne;1;N-S;;;;48.58658626547714, 7.738169732707991;;;;;
511;Bld Victoire (Uni vers ité vers Grandidier);511;Bld Victoire (Uni vers ité vers Grandidier);1;N-S;;;;48.58291811668294, 7.764610489190963;;;;;
512;Bld Victoire (Fritz Kiener vers Uni vers ité);512;Bld Victoire (Fritz Kiener vers Uni vers ité);1;N-S;;;;48.58267107811247, 7.764500358460993;;;;;
527;Bld Pierre Pflimlin vers Wacken;527;Bld Pierre Pflimlin vers Wacken;1;N-S;;;;48.599356629082386, 7.772335046322173;;;;;
528;Bld Pierre Pflimlin vers Robertsau;528;Bld Pierre Pflimlin vers Robertsau;1;N-S;;;;48.59915032818303, 7.772195887770687;;;;;
361;Bld Nancy vers Gare;361;Bld Nancy vers Gare;1;N-S;;;;48.580850362512116, 7.7324218784394505;;;;;
362;Bld Nancy vers Bld Lyon;362;Bld Nancy vers Bld Lyon;1;N-S;;;;48.5809656119944, 7.732084587150064;;;;;
320;Bld Lyon (Obernai) vers Rue de Molsheim;320;Bld Lyon (Obernai) vers Rue de Molsheim;1;N-S;;;;48.57739473349504, 7.731844121255948;;;;;
501;Bld Leblois vers Bld de la Victoire;501;Bld Leblois vers Bld de la Victoire;1;N-S;;;;48.58224058418326, 7.771566212894005;;;;;
502;Bld Leblois vers Bld de la Marne;502;Bld Leblois vers Bld de la Marne;1;N-S;;;;48.582148255940645, 7.771761975452248;;;;;
315;Bld de Lyon vers Rue d'Obernai;315;Bld de Lyon vers Rue d'Obernai;1;N-S;;;;48.57746860212851, 7.732132830572431;;;;;
317;Bld de Lyon (Saales) vers Rue de Molsheim;317;Bld de Lyon (Saales) vers Rue de Molsheim;1;N-S;;;;48.575795505259755, 7.73349251743249;;;;;
536;Bld de Dresde vers Robertsau;536;Bld de Dresde vers Robertsau;1;N-S;;;;48.599179882398595, 7.765317024697586;;;;;
535;Bld de Dresde vers Pl.A.Zeller;535;Bld de Dresde vers Pl.A.Zeller;1;N-S;;;;48.59940822453139, 7.765158559680831;;;;;
518;"Bld d'Anvers (532) vers Pont d'Anvers ";518;"Bld d'Anvers (532) vers Pont d'Anvers ";1;N-S;;;;48.58324223934447, 7.776519153959855;;;;;
409;Bld Clémenceau vers Av. des Vosges;409;Bld Clémenceau vers Av. des Vosges;1;N-S;;;;48.59187773789973, 7.751804371258972;;;;;
410;Bld Clémenceau vers Av. de la Paix;410;Bld Clémenceau vers Av. de la Paix;1;N-S;;;;48.59161941182021, 7.75205536248461;;;;;
517;Bld Anvers (532) vers Bld de la Marne;517;Bld Anvers (532) vers Bld de la Marne;1;N-S;;;;48.583369184230065, 7.776733029437478;;;;;
637;Barreau L.I.P. vers Rhin Napoléon;637;Barreau L.I.P. vers Rhin Napoléon;1;N-S;;;;48.57009691855676, 7.79391311312493;;;;;
636;Barreau L.I.P. vers Allemagne;636;Barreau L.I.P. vers Allemagne;1;N-S;;;;48.56990696862195, 7.794089508753172;;;;;
807;Avenue Molière vers Rue Paul Valéry;807;Avenue Molière vers Rue Paul Valéry;1;N-S;;;;48.593536496399146, 7.711351653245068;;;;;
525;Av.Schutzenberger vers Pl. Bordeaux;525;Av.Schutzenberger vers Pl. Bordeaux;1;N-S;;;;48.59674740249683, 7.7598624496619335;;;;;
526;Av.Schutzenberger vers Pl. A.Zeller;526;Av.Schutzenberger vers Pl. A.Zeller;1;N-S;;;;48.59664993800482, 7.760201505913912;;;;;
1113;Av.Schuman vers Sports;1113;Av.Schuman vers Sports;1;N-S;;;;48.56222217148244, 7.691860719577926;;;;;
1112;Av.Schuman vers Mal Foch;1112;Av.Schuman vers Mal Foch;1;N-S;;;;48.56214362209178, 7.69163245212236;;;;;
1201;Av.Mendes France vers Contades;1201;Av.Mendes France vers Contades;1;N-S;;;;48.603036487067556, 7.757123161764833;;;;;
1202;Av.Mendes France (Contades) vers Tribunal;1202;Av.Mendes France (Contades) vers Tribunal;1;N-S;;;;48.60293845167972, 7.757380229513082;;;;;
916;Av.Londres vers Mittel;916;Av.Londres vers Mittel;1;N-S;;;;48.61061666131678, 7.709198156318524;;;;;
617;Av.Jean Jaurès vers Rue du Landsberg;617;Av.Jean Jaurès vers Rue du Landsberg;1;N-S;;;;48.56847425047674, 7.768766480612375;;;;;
616;Av.Jean Jaurès vers Av.A.Briand;616;Av.Jean Jaurès vers Av.A.Briand;1;N-S;;;;48.56817310841442, 7.7686360232151435;;;;;
523;Av.Gal de Gaulle vers Bld de la Victoire;523;Av.Gal de Gaulle vers Bld de la Victoire;1;N-S;;;;48.57913816756742, 7.77028389887926;;;;;
432;Av.Forêt-Noire vers PL.Brant;432;Av.Forêt-Noire vers PL.Brant;1;N-S;;;;48.584131058755126, 7.771137777932274;;;;;
433;"Av.Forêt-Noire vers Bld d'Anvers ";433;"Av.Forêt-Noire vers Bld d'Anvers ";1;N-S;;;;48.58391144153263, 7.7709872965025655;;;;;
920;Av.Europe(918) vers A35;920;Av.Europe(918) vers A35;1;N-S;;;;48.61452431942, 7.718659328493482;;;;;
917;Av.Europe vers EEE;917;Av.Europe vers EEE;1;N-S;;;;48.61056387817321, 7.712946137762181;;;;;
922;Av.Europe (RPonit) vers 918;922;Av.Europe (RPonit) vers 918;1;N-S;;;;48.61465048052936, 7.718375441176745;;;;;
921;Av.Europe (918) vers Bruxelles;921;Av.Europe (918) vers Bruxelles;1;N-S;;;;48.612347793166975, 7.715077621651699;;;;;
401;Av.des Voges vers Av. Forêt-Noire;401;Av.des Voges vers Av. Forêt-Noire;1;N-S;;;;48.590529076033704, 7.748159428988134;;;;;
404;Av.de la Paix vers Place de Bordeaux;404;Av.de la Paix vers Place de Bordeaux;1;N-S;;;;48.59046063523045, 7.75675279176699;;;;;
423;Av.de la Liberté vers Pl.République;423;Av.de la Liberté vers Pl.République;1;N-S;;;;48.58637515297434, 7.7581192588417975;;;;;
422;Av.de la Liberté vers Pl. Uni vers ité;422;Av.de la Liberté vers Pl. Uni vers ité;1;N-S;;;;48.58617771329051, 7.757939051448307;;;;;
405;Av.d'Alsace vers Av. des Vosges;405;Av.d'Alsace vers Av. des Vosges;1;N-S;;;;48.58772118339218, 7.759143037962879;;;;;
701;Av.Colmar (Racing) vers Illkirch;701;Av.Colmar (Racing) vers Illkirch;1;N-S;;;;48.562579940423454, 7.752726424583402;;;;;
618;Av.A.Briand vers Rte du Rhin;618;Av.A.Briand vers Rte du Rhin;1;N-S;;;;48.56814917124333, 7.776544294075433;;;;;
619;Av.A.Briand vers Av. Jean Jaurès;619;Av.A.Briand vers Av. Jean Jaurès;1;N-S;;;;48.568284416050666, 7.776286194345818;;;;;
211;Av. Jean-Jaurès vers Place de l'Etoile;211;Av. Jean-Jaurès vers Place de l'Etoile;1;N-S;;;;48.57073249436366, 7.760305514698277;;;;;
212;Av. Jean-Jaurès vers Neudorf;212;Av. Jean-Jaurès vers Neudorf;1;N-S;;;;48.570516562004016, 7.760194009540413;;;;;
411;Av. Herrenschmidt vers Place de Bordeau;411;Av. Herrenschmidt vers Place de Bordeau;1;N-S;;;;48.597055763048125, 7.75582171547332;;;;;
412;Av. Herrenschmidt vers A350;412;Av. Herrenschmidt vers A350;1;N-S;;;;48.5972525332515, 7.7560476595727685;;;;;
604;Av. du Neuhof vers Stockfeld;604;Av. du Neuhof vers Stockfeld;1;N-S;;;;48.545980095693096, 7.765997229513427;;;;;
603;Av. du Neuhof vers rte du Polygone;603;Av. du Neuhof vers rte du Polygone;1;N-S;;;;48.54598131589502, 7.766345563384428;;;;;
524;Av. du Gal de Gaulle vers Esplanade;524;Av. du Gal de Gaulle vers Esplanade;1;N-S;;;;48.57916003939176, 7.769904230280896;;;;;
402;Av. des Vosges vers Place de Haguenau;402;Av. des Vosges vers Place de Haguenau;1;N-S;;;;48.59072188325369, 7.748326744703959;;;;;
403;Av. de la Paix vers Av. des Vosges;403;Av. de la Paix vers Av. des Vosges;1;N-S;;;;48.590567510931976, 7.756435646983361;;;;;
406;Av. d'Alsace vers Place Brant;406;Av. d'Alsace vers Place Brant;1;N-S;;;;48.58748148037535, 7.7589881020386855;;;;;
702;Av. Colmar (Racing) vers Centre Ville;702;Av. Colmar (Racing) vers Centre Ville;1;N-S;;;;48.562549510268546, 7.753177897216095;;;;;
703;Av. Colmar (Mulhouse) vers Centre ville;703;Av. Colmar (Mulhouse) vers Centre ville;1;N-S;;;;48.566016344145346, 7.752792415269741;;;;;
244;Alpes(av.Churchill) vers Robertsau;244;Alpes(av.Churchill) vers Robertsau;1;N-S;;;;48.57468479535514, 7.765149461615429;;;;;
245;Alpes(av.Churchill) vers Etoile;245;Alpes(av.Churchill) vers Etoile;1;N-S;;;;48.57447225031147, 7.769760387168635;;;;;
246;Alpes (ap.Churchill) vers Robertsau;246;Alpes (ap.Churchill) vers Robertsau;1;N-S;;;;48.574320417240635, 7.76969288213431;;;;;
243;Alpes (ap.Churchill) vers Etoile;243;Alpes (ap.Churchill) vers Etoile;1;N-S;;;;48.57488256419073, 7.765291330673385;;;;;
630;Allée J.Auriol vers Mermoz;630;Allée J.Auriol vers Mermoz;1;N-S;;;;48.54633093362059, 7.7691263308810825;;;;;
631;Allée J.Auriol vers Av.Neuhof;631;Allée J.Auriol vers Av.Neuhof;1;N-S;;;;48.54657094705447, 7.7690729046305815;;;;;
530;Allée Droits de l'Homme vers Robertsau;530;Allée Droits de l'Homme vers Robertsau;1;N-S;;;;48.59632796394938, 7.7762731084721555;;;;;
529;Allée Droits de l'Homme vers Orangerie;529;Allée Droits de l'Homme vers Orangerie;1;N-S;;;;48.59656119923125, 7.775979276246247;;;;;
508;Allée de la Robertsau vers Place Brant;508;Allée de la Robertsau vers Place Brant;1;N-S;;;;48.588165380118056, 7.765634274497257;;;;;
507;Allée de la Robertsau vers Bld Tauler;507;Allée de la Robertsau vers Bld Tauler;1;N-S;;;;48.58804311086093, 7.765925054310957;;;;;
356;Alcide de Gasperi vers Lingo;356;Alcide de Gasperi vers Lingo;1;N-S;;;;48.5691889738432, 7.687989843987272;;;;;
626;Abbe de l'Epee vers Rte du Neuhof;626;Abbe de l'Epee vers Rte du Neuhof;1;N-S;;;;48.5456736042215, 7.762499170199646;;;;;
627;Abbe de l'Epee vers Rhin Tortu;627;Abbe de l'Epee vers Rhin Tortu;1;N-S;;;;48.54589066308524, 7.762501973856328;;;;;
1005;23 Novembre vers Rte de Lyon;1005;23 Novembre vers Rte de Lyon;1;N-S;;;;48.53144293378847, 7.709265011317772;;;;;
